id,created_at,entry_year,entry_semester,shift,current_period,academic_status,hardest_subject_1,hardest_subject_2,hardest_subject_3,least_interesting_subject_1,least_interesting_subject_2,least_interesting_subject_3,most_relevant_subject_1,most_relevant_subject_2,most_relevant_subject_3,ai_tool,ai_tool_other,main_language,main_language_other,comfortable_languages,comfortable_languages_other,professional_level,professional_level_other,work_area,work_area_other,time_in_tech,time_working_general,company_size,salary_after_graduation,salary_5_years,salary_10_years,career_intention,english_level,current_salary,main_languages
04f683f4-bc46-403d-8f8e-00185a53bae1,2026-06-13 12:26:05.741416+00,2022,2,Noite,6,Irregular,Algoritmos e Estruturas de Dados II,Programação Modular,Algoritmos e Estruturas de Dados I,,,,Projeto de Software,Arquitetura de Computadores,Trabalho Interdisciplinar: Aplicações para Sustentabilidade,Claude,,JavaScript,React,"[""C"", ""JavaScript""]",,Auxiliar / Assistente,,Frontend,,2 a 4 anos,Mais de 4 anos,Grande empresa / corporação (500 ou mais funcionários),R$ 5.000 – R$ 8.000,R$ 8.000 – R$ 12.000,R$ 12.000 – R$ 18.000,Concurso público,Intermediário,R$ 4.000 – R$ 6.000,"[""JavaScript"", ""Java"", ""C"", ""React""]"
2d249ca9-8a17-475f-8ab3-1e9f1a79a21c,2026-06-12 22:08:30.537001+00,2023,1,Noite,6,Regular,Fundamentos de Projeto e Análise de Algoritmos,Teoria dos Grafos e Computabilidade,Estatística e Probabilidade,Introdução à Pesquisa em Informática,,,Algoritmos e Estruturas de Dados I,Algoritmos e Estruturas de Dados II,Desenvolvimento de Aplicações Móveis e Distribuídas,ChatGPT,,JavaScript,,"[""JavaScript"", ""TypeScript"", ""Java""]",,Estagiário,,Análise de Sistemas,,6 meses a 1 ano,2 a 4 anos,Grande empresa / corporação (500 ou mais funcionários),R$ 3.000 – R$ 5.000,R$ 8.000 – R$ 12.000,R$ 12.000 – R$ 18.000,Mercado privado no exterior,Intermediário,R$ 2.000 – R$ 4.000,"[""JavaScript"", ""TypeScript"", ""Python""]"
720c5dd1-5dde-4a60-9210-e0c3cbad4174,2026-06-12 21:15:26.388345+00,2026,1,Manhã,1,Regular,Computabilidade,Introdução à Algoritmos,Desenvolvimento de Interfaces Web,Arquitetura de Computadores,,,Arquitetura de Software,Análise e Projeto de Algoritmos,Bancos de Dados,Claude,,Python,,"[""Python""]",,Não trabalho na área,,,,Não trabalho na área,Não trabalho na área,,R$ 12.000 – R$ 18.000,Acima de R$ 18.000,Acima de R$ 18.000,Mercado privado no exterior,Avançado,,"[""Python""]"
fa81cf28-c76c-46f6-8b06-7de3031d1a38,2026-06-12 15:42:03.303306+00,2026,1,Manhã,1,Regular,Computabilidade,Introdução à Algoritmos,Introdução à Computação,Computabilidade,,,Introdução à Algoritmos,Introdução à Computação,Desenvolvimento de Interfaces Web,Gemini,,Python,,"[""Python""]",,Não trabalho na área,,,,Não trabalho na área,Não trabalho na área,,R$ 3.000 – R$ 5.000,R$ 5.000 – R$ 8.000,R$ 8.000 – R$ 12.000,Mercado privado no exterior,Nenhum,,"[""Python"", ""JavaScript""]"
5164ecec-496a-4ffa-8338-c139977cde51,2026-06-12 15:20:22.109093+00,2026,1,Manhã,1,Regular,Algoritmos e Estruturas de Dados I,Computabilidade,Desenvolvimento de Interfaces Web,Algoritmos e Estruturas de Dados I,Computabilidade,Desenvolvimento de Interfaces Web,Algoritmos e Estruturas de Dados I,Fundamentos de Engenharia de Software,Introdução à Computação,ChatGPT,,Python,,"[""Python""]",,Não trabalho na área,,,,Não trabalho na área,Não trabalho na área,,Acima de R$ 18.000,R$ 8.000 – R$ 12.000,Acima de R$ 18.000,Mercado privado no exterior,Básico,,"[""Python""]"
bad40935-64a1-48e6-8b29-80fddbac50a8,2026-06-12 15:19:59.158523+00,2026,1,Manhã,1,Regular,Introdução à Algoritmos,Computabilidade,Introdução à Computação,Desenvolvimento de Interfaces Web,,,Introdução à Algoritmos,,,Claude,,Python,,"[""Python"", ""JavaScript""]",,Não trabalho na área,,,,Não trabalho na área,Não trabalho na área,,Acima de R$ 18.000,R$ 5.000 – R$ 8.000,R$ 12.000 – R$ 18.000,Mercado privado no exterior,Intermediário,,"[""Python"", ""JavaScript""]"
2262d5f5-4818-4d80-a932-618b46b7bbd7,2026-06-12 15:19:50.36352+00,2026,1,Manhã,2,Regular,Computabilidade,Desenvolvimento de Interfaces Web,Trabalho Interdisciplinar: Aplicações Web,Introdução à Algoritmos,Introdução à Computação,Desenvolvimento de Interfaces Web,Computabilidade,Trabalho Interdisciplinar: Aplicações Web,Introdução à Algoritmos,ChatGPT,,Python,,"[""Python"", ""JavaScript""]",,Não trabalho na área,,,,Não trabalho na área,Não trabalho na área,,R$ 3.000 – R$ 5.000,R$ 8.000 – R$ 12.000,R$ 12.000 – R$ 18.000,Empreender / abrir minha própria empresa,Intermediário,,"[""Python"", ""JavaScript""]"
06580433-cfc3-41e3-9257-af95f901720d,2026-06-12 15:19:46.046366+00,2026,1,Manhã,1,Regular,Computabilidade,Introdução à Algoritmos,Desenvolvimento de Interfaces Web,Introdução à Computação,Desenvolvimento de Interfaces Web,Trabalho Interdisciplinar: Aplicações Web,Introdução à Algoritmos,Fundamentos de Engenharia de Software,Computabilidade,ChatGPT,,Python,,"[""Python""]",,Não trabalho na área,,,,Não trabalho na área,Não trabalho na área,,Até R$ 3.000,R$ 5.000 – R$ 8.000,R$ 12.000 – R$ 18.000,Ainda não sei / não tenho plano definido,Básico,,"[""Python""]"
96a746f9-1c5d-47c7-ab10-426ec47572b9,2026-06-12 15:19:44.511166+00,2026,1,Manhã,1,Regular,Algoritmos e Estruturas de Dados I,Desenvolvimento de Interfaces Web,Computabilidade,Fundamentos de Engenharia de Software,Cálculo I,Algoritmos e Estruturas de Dados I,Algoritmos e Estruturas de Dados I,Computabilidade,Introdução à Computação,Claude,,Python,,"[""Python"", ""JavaScript""]",,Não trabalho na área,,,,Não trabalho na área,Não trabalho na área,,R$ 5.000 – R$ 8.000,R$ 12.000 – R$ 18.000,Acima de R$ 18.000,Mercado privado no exterior,Avançado,,"[""Python"", ""JavaScript""]"
d7f88e00-41d9-4d7a-b8e2-6770d14896cd,2026-06-12 15:19:36.77724+00,2026,1,Manhã,1,Regular,Computabilidade,Desenvolvimento de Interfaces Web,Trabalho Interdisciplinar: Aplicações Web,Desenvolvimento de Interfaces Web,,,Introdução à Algoritmos,Desenvolvimento de Interfaces Web,Trabalho Interdisciplinar: Aplicações Web,ChatGPT,,Python,,"[""Python""]",,Não trabalho na área,,,,Não trabalho na área,Não trabalho na área,,R$ 3.000 – R$ 5.000,R$ 8.000 – R$ 12.000,Acima de R$ 18.000,Ainda não sei / não tenho plano definido,Intermediário,,"[""Python""]"
575aa058-6410-410f-8058-435ff84e962b,2026-06-12 15:19:12.528027+00,2026,1,Manhã,1,Regular,Introdução à Algoritmos,Computabilidade,Trabalho Interdisciplinar: Aplicações Distribuídas,Trabalho Interdisciplinar: Aplicações Distribuídas,Computabilidade,Desenvolvimento de Interfaces Web,Introdução à Algoritmos,Computabilidade,Fundamentos de Engenharia de Software,Claude,,Python,,"[""Python""]",,Não trabalho na área,,,,Não trabalho na área,Não trabalho na área,,R$ 12.000 – R$ 18.000,R$ 8.000 – R$ 12.000,R$ 8.000 – R$ 12.000,Concurso público,Intermediário,,"[""Python""]"
c28d4c32-76a6-4153-9a21-ce0add4fa494,2026-06-12 15:19:11.472082+00,2024,1,Manhã,1,Irregular,Cálculo I,Computabilidade,Desenvolvimento de Interfaces Web,Computabilidade,Introdução à Algoritmos,,Introdução à Algoritmos,Computabilidade,Fundamentos de Engenharia de Software,Claude,,Python,Gml,"[""Python"", ""Java""]",,Trabalho sozinho,Trabalho sozinho,Full Stack,,1 a 2 anos,1 a 2 anos,Startup / empresa early-stage (independente do tamanho),R$ 3.000 – R$ 5.000,Acima de R$ 18.000,Acima de R$ 18.000,Empreender / abrir minha própria empresa,Avançado,Até R$ 500,"[""Python"", ""Java"", ""C#"", ""JavaScript"", ""Gml""]"
c27eb616-98b6-4eb3-8c87-a2e05dc6581d,2026-06-12 15:18:25.273255+00,2026,1,Manhã,1,Regular,Computabilidade,Introdução à Algoritmos,,Desenvolvimento de Interfaces Web,Introdução à Computação,,Introdução à Algoritmos,Desenvolvimento de Interfaces Web,Fundamentos de Engenharia de Software,ChatGPT,,Python,,"[""Python"", ""JavaScript""]",,Não trabalho na área,,,,Não trabalho na área,Não trabalho na área,,R$ 3.000 – R$ 5.000,R$ 8.000 – R$ 12.000,R$ 12.000 – R$ 18.000,Mercado privado no exterior,Fluente,,"[""Python"", ""JavaScript""]"
4ef9327a-8843-432b-b62e-db88d98ac2b1,2026-06-12 15:18:05.699861+00,2026,1,Manhã,1,Regular,Computabilidade,Introdução à Algoritmos,Desenvolvimento de Interfaces Web,Computabilidade,Desenvolvimento de Interfaces Web,Introdução à Algoritmos,Introdução à Algoritmos,Desenvolvimento de Interfaces Web,Fundamentos de Engenharia de Software,ChatGPT,,Python,,"[""Python"", ""C++""]",,Não trabalho na área,,,,Não trabalho na área,Não trabalho na área,,R$ 5.000 – R$ 8.000,R$ 8.000 – R$ 12.000,R$ 12.000 – R$ 18.000,Empreender / abrir minha própria empresa,Avançado,,"[""Python""]"
91b5f154-64dc-4506-84f4-23a4dad0c23e,2026-06-12 15:18:05.222675+00,2026,1,Manhã,2,Regular,Computabilidade,,,Fundamentos de Engenharia de Software,Desenvolvimento de Interfaces Web,,Arquitetura de Computadores,Laboratório de Desenvolvimento de Software,Computabilidade,Gemini,,Python,,"[""Python"", ""C"", ""C++"", ""C#""]",,Estagiário,,Backend,,Menos de 6 meses,6 meses a 1 ano,Pequena empresa (até 49 funcionários),R$ 3.000 – R$ 5.000,R$ 5.000 – R$ 8.000,R$ 8.000 – R$ 12.000,Ainda não sei / não tenho plano definido,Fluente,R$ 1.000 – R$ 2.000,"[""Python"", ""JavaScript"", ""C"", ""C++"", ""C#""]"
d13d0180-a1eb-44f7-b434-1db4ea66a519,2026-06-12 15:17:54.041393+00,2025,2,Manhã,1,Regular,Introdução à Algoritmos,Computabilidade,Cálculo I,,,,Fundamentos de Engenharia de Software,Trabalho Interdisciplinar: Aplicações Web,Introdução à Algoritmos,ChatGPT,,Python,,"[""Python"", ""C""]",,Não trabalho na área,,,,Não trabalho na área,2 a 4 anos,,R$ 8.000 – R$ 12.000,R$ 12.000 – R$ 18.000,Acima de R$ 18.000,Ainda não sei / não tenho plano definido,Intermediário,,"[""Python""]"
4c8f55f5-e647-4c69-82e9-07703b3dc8f9,2026-06-12 15:17:45.119026+00,2025,1,Manhã,2,Irregular,Cálculo I,Algoritmos e Estruturas de Dados I,Introdução à Algoritmos,Introdução à Computação,,,Algoritmos e Estruturas de Dados I,,,Claude,,Python,,"[""Python"", ""C""]",,Não trabalho na área,,,,Não trabalho na área,Não trabalho na área,,R$ 3.000 – R$ 5.000,Acima de R$ 18.000,Acima de R$ 18.000,Ainda não sei / não tenho plano definido,Fluente,,"[""Python""]"
f40a0a05-d64e-4f81-a757-cdb86ee5afef,2026-06-12 15:17:27.760872+00,2026,1,Manhã,1,Regular,Introdução à Algoritmos,Computabilidade,Desenvolvimento de Interfaces Web,Fundamentos de Engenharia de Software,Introdução à Computação,Trabalho Interdisciplinar: Aplicações Web,Desenvolvimento de Interfaces Web,Introdução à Algoritmos,Fundamentos de Engenharia de Software,Gemini,,Python,,"[""Python""]",,Não trabalho na área,,,,Não trabalho na área,Não trabalho na área,,R$ 3.000 – R$ 5.000,R$ 8.000 – R$ 12.000,Acima de R$ 18.000,Empreender / abrir minha própria empresa,Fluente,,"[""Python""]"
d03eefeb-5069-4de5-ad7c-dedbf6f4db48,2026-06-12 15:17:14.23635+00,2026,1,Manhã,1,Regular,Introdução à Algoritmos,Introdução à Computação,Computabilidade,Computabilidade,Introdução à Computação,Trabalho Interdisciplinar: Aplicações Distribuídas,Fundamentos de Engenharia de Software,Desenvolvimento de Aplicações Móveis,,Gemini,,Go,,"[""Python"", ""Go""]",,Estagiário,,Full Stack,,1 a 2 anos,1 a 2 anos,Startup / empresa early-stage (independente do tamanho),R$ 3.000 – R$ 5.000,Acima de R$ 18.000,Acima de R$ 18.000,Empreender / abrir minha própria empresa,Intermediário,R$ 1.000 – R$ 2.000,"[""Go"", ""C#"", ""Python"", ""JavaScript""]"
dc07ae02-2d7d-452a-bdb0-2ec1f979cb32,2026-06-12 15:17:08.312074+00,2026,1,Manhã,1,Regular,Introdução à Algoritmos,Desenvolvimento de Interfaces Web,Introdução à Computação,Computabilidade,Trabalho Interdisciplinar: Aplicações Web,Desenvolvimento de Interfaces Web,Introdução à Algoritmos,Fundamentos de Engenharia de Software,Computabilidade,Gemini,,Python,,"[""Python"", ""JavaScript""]",,Não trabalho na área,,,,Não trabalho na área,Não trabalho na área,,R$ 5.000 – R$ 8.000,R$ 12.000 – R$ 18.000,Acima de R$ 18.000,Mercado privado no exterior,Avançado,,"[""Python"", ""JavaScript""]"
b23f5bad-bab6-4902-be6f-18426a32505c,2026-06-12 15:16:50.968809+00,2026,1,Manhã,1,Regular,Computabilidade,Introdução à Algoritmos,Desenvolvimento de Interfaces Web,Desenvolvimento de Interfaces Web,Introdução à Computação,,Introdução à Algoritmos,Desenvolvimento e Integração de Aplicações Web,Fundamentos de Engenharia de Software,Claude,,Python,,"[""Python""]",,Não trabalho na área,,,,Não trabalho na área,Não trabalho na área,,R$ 8.000 – R$ 12.000,Acima de R$ 18.000,Acima de R$ 18.000,Mercado privado no exterior,Básico,,"[""Python"", ""JavaScript""]"
41449f5b-6f51-42e3-847c-cab9ecb77e81,2026-06-12 15:16:47.994654+00,2025,1,Manhã,2,Irregular,Computabilidade,,,Trabalho Interdisciplinar: Aplicações Web,,,Introdução à Algoritmos,Computabilidade,Fundamentos de Engenharia de Software,Claude,,Python,,"[""Python"", ""JavaScript""]",,Não trabalho na área,,,,Não trabalho na área,1 a 2 anos,,R$ 3.000 – R$ 5.000,R$ 8.000 – R$ 12.000,R$ 12.000 – R$ 18.000,Mercado privado no Brasil (CLT ou PJ),Nenhum,,"[""Python"", ""JavaScript""]"
054fa86e-d954-466a-926e-41fd81041231,2026-06-12 15:16:46.393212+00,2026,1,Manhã,1,Regular,Introdução à Algoritmos,Computabilidade,Trabalho Interdisciplinar: Desenvolvimento de Aplicações Web,Computabilidade,Fundamentos de Engenharia de Software,Desenvolvimento e Integração de Aplicações Web,Introdução à Computação,Introdução à Algoritmos,Computabilidade,Perplexity,,JavaScript,,"[""JavaScript""]",,Trainee,,Gerente de TI,,Menos de 6 meses,6 meses a 1 ano,Startup / empresa early-stage (independente do tamanho),Até R$ 3.000,Até R$ 3.000,R$ 5.000 – R$ 8.000,Empreender / abrir minha própria empresa,Avançado,Prefiro não responder,"[""JavaScript""]"
6aa69c1c-801f-4370-b5cd-5590ccfdaf59,2026-06-12 15:16:28.800615+00,2026,1,Manhã,2,Regular,Computabilidade,Introdução à Algoritmos,Trabalho Interdisciplinar: Desenvolvimento de Aplicações Web,Trabalho Interdisciplinar: Desenvolvimento de Aplicações Web,,,Computabilidade,Introdução à Algoritmos,Desenvolvimento de Interfaces Web,ChatGPT,,Python,,"[""Python"", ""JavaScript""]",,Não trabalho na área,,,,Não trabalho na área,Não trabalho na área,,Prefiro não responder,R$ 5.000 – R$ 8.000,Acima de R$ 18.000,Empreender / abrir minha própria empresa,Intermediário,,"[""Python"", ""JavaScript""]"
d424bc57-7063-435f-8076-f43c34d98ed5,2026-06-12 15:16:24.653031+00,2026,1,Manhã,1,Regular,Introdução à Algoritmos,Computabilidade,Desenvolvimento de Interfaces Web,Computabilidade,,,Introdução à Algoritmos,Desenvolvimento de Interfaces Web,Fundamentos de Engenharia de Software,ChatGPT,,Python,,"[""Python""]",,Não trabalho na área,,,,Não trabalho na área,Não trabalho na área,,R$ 3.000 – R$ 5.000,R$ 8.000 – R$ 12.000,Acima de R$ 18.000,Mercado privado no exterior,Básico,,"[""Python""]"
d0482dfc-0b5f-4520-8163-0838c7417e8e,2026-06-12 15:16:22.511641+00,2026,1,Manhã,1,Regular,Introdução à Computação,Introdução à Algoritmos,,,,,Introdução à Algoritmos,Fundamentos de Engenharia de Software,Desenvolvimento de Interfaces Web,Gemini,,Python,,"[""Python""]",,Não trabalho na área,,,,Não trabalho na área,Não trabalho na área,,Acima de R$ 18.000,Acima de R$ 18.000,Acima de R$ 18.000,Mercado privado no Brasil (CLT ou PJ),Básico,,"[""Python""]"
6408f958-6eae-4ebf-ac74-509bfbcf4b7c,2026-06-12 15:16:21.923729+00,2026,1,Manhã,1,Regular,Computabilidade,Introdução à Algoritmos,Desenvolvimento de Interfaces Web,Introdução à Computação,Computabilidade,,Introdução à Algoritmos,Desenvolvimento de Interfaces Web,,Claude,,Python,,"[""Python""]",,Não trabalho na área,,,,Não trabalho na área,2 a 4 anos,,R$ 3.000 – R$ 5.000,R$ 8.000 – R$ 12.000,Acima de R$ 18.000,Mercado privado no exterior,Intermediário,,"[""Python"", ""JavaScript""]"
dc9468d5-33fa-4d61-bb3b-761f2e5ee5f1,2026-06-12 15:16:19.182359+00,2026,1,Manhã,1,Regular,Computabilidade,Introdução à Algoritmos,Desenvolvimento de Interfaces Web,,,,Introdução à Algoritmos,Computabilidade,Desenvolvimento de Interfaces Web,Claude,,Python,,"[""Python"", ""JavaScript""]",,Não trabalho na área,,,,Não trabalho na área,Não trabalho na área,,R$ 3.000 – R$ 5.000,R$ 8.000 – R$ 12.000,Acima de R$ 18.000,Mercado privado no exterior,Avançado,,"[""Python"", ""JavaScript""]"
29dd69c3-dcec-4c0c-95ee-253af3cca602,2026-06-12 15:16:07.722003+00,2026,1,Manhã,1,Regular,Trabalho Interdisciplinar: Aplicações Web,Desenvolvimento de Interfaces Web,,Desenvolvimento de Interfaces Web,Trabalho Interdisciplinar: Aplicações Web,,Computabilidade,Introdução à Algoritmos,Introdução à Computação,Não uso nenhuma,,Python,,"[""Python"", ""Go""]",,Não trabalho na área,,,,Não trabalho na área,1 a 2 anos,,R$ 3.000 – R$ 5.000,R$ 8.000 – R$ 12.000,Acima de R$ 18.000,Mercado privado no exterior,Fluente,,"[""Python"", ""Go""]"
b0a694d1-eac3-4da6-95bc-44f5aa1cde24,2026-06-12 15:16:04.790006+00,2026,1,Manhã,1,Regular,Computabilidade,Introdução à Algoritmos,Introdução à Computação,Trabalho Interdisciplinar: Aplicações Web,,,Fundamentos de Engenharia de Software,Desenvolvimento de Interfaces Web,,Claude,,TypeScript,,"[""JavaScript"", ""TypeScript""]",,Analista / Desenvolvedor Júnior,,Full Stack,,1 a 2 anos,2 a 4 anos,Pequena empresa (até 49 funcionários),Acima de R$ 18.000,R$ 12.000 – R$ 18.000,Acima de R$ 18.000,Mercado privado no exterior,Intermediário,R$ 2.000 – R$ 4.000,"[""TypeScript"", ""JavaScript"", ""Dart / Flutter""]"
78d3569c-c432-4e81-a29b-166b8e5cd19c,2026-06-12 15:16:01.729381+00,2026,1,Manhã,1,Regular,Introdução à Algoritmos,,,Computabilidade,,,Introdução à Algoritmos,,,Gemini,,Python,,"[""C#"", ""Python"", ""JavaScript""]",,Estagiário,,Full Stack,,2 a 4 anos,2 a 4 anos,Multinacional (sede fora do Brasil),Acima de R$ 18.000,R$ 8.000 – R$ 12.000,Acima de R$ 18.000,Empreender / abrir minha própria empresa,Básico,R$ 2.000 – R$ 4.000,"[""Python""]"
7f75effc-5891-463e-953c-a0b6dac183a3,2026-06-12 15:16:01.058461+00,2026,1,Manhã,1,Regular,Computabilidade,Introdução à Algoritmos,,Computabilidade,,,Introdução à Algoritmos,Trabalho Interdisciplinar: Aplicações Web,,Gemini,,Python,,"[""Python""]",,Não trabalho na área,,,,Não trabalho na área,Não trabalho na área,,R$ 5.000 – R$ 8.000,Acima de R$ 18.000,Acima de R$ 18.000,Ainda não sei / não tenho plano definido,Básico,,"[""Python"", ""JavaScript""]"
268bcbd7-89aa-405b-9916-7c7317ed4fd0,2026-06-12 15:15:37.570662+00,2026,1,Manhã,1,Regular,Computabilidade,Introdução à Computação,Introdução à Algoritmos,Trabalho Interdisciplinar: Aplicações Distribuídas,Introdução à Computação,,Fundamentos de Engenharia de Software,Trabalho Interdisciplinar: Aplicações Web,,ChatGPT,,JavaScript,,"[""Python"", ""JavaScript"", ""C++""]",,Estagiário,,Backend,,6 meses a 1 ano,6 meses a 1 ano,Startup / empresa early-stage (independente do tamanho),R$ 8.000 – R$ 12.000,R$ 12.000 – R$ 18.000,Acima de R$ 18.000,Empreender / abrir minha própria empresa,Intermediário,R$ 1.000 – R$ 2.000,"[""JavaScript"", ""Python"", ""C"", ""C++""]"
b0e5b136-258b-49f3-b7d2-a0636ec2c06f,2026-06-12 15:15:32.301106+00,2026,1,Manhã,2,Regular,Introdução à Algoritmos,,,,,,Fundamentos de Engenharia de Software,Introdução à Algoritmos,Desenvolvimento de Interfaces Web,ChatGPT,,Python,HTML e CSS,"[""Python""]",,Não trabalho na área,,,,Não trabalho na área,Não trabalho na área,,Acima de R$ 18.000,Acima de R$ 18.000,Acima de R$ 18.000,Mercado privado no exterior,Intermediário,,"[""Python"", ""JavaScript"", ""HTML e CSS""]"
496b1ca7-52fb-4fe3-a59d-a474fa59f5d8,2026-06-12 15:15:30.387661+00,2026,1,Manhã,1,Regular,Computabilidade,Introdução à Algoritmos,Desenvolvimento de Interfaces Web,Computabilidade,Introdução à Computação,,Introdução à Algoritmos,Desenvolvimento de Interfaces Web,Fundamentos de Engenharia de Software,ChatGPT,,Python,,"[""Python""]",,Não trabalho na área,,,,Não trabalho na área,Não trabalho na área,,R$ 8.000 – R$ 12.000,R$ 12.000 – R$ 18.000,Acima de R$ 18.000,Ainda não sei / não tenho plano definido,Intermediário,,"[""Python"", ""JavaScript""]"
7dd6138e-bfa2-41d6-9648-572bc591f3d0,2026-06-12 15:15:20.073001+00,2026,1,Manhã,1,Regular,Introdução à Algoritmos,Computabilidade,Desenvolvimento de Interfaces Web,Trabalho Interdisciplinar: Aplicações Web,Introdução à Computação,,Introdução à Algoritmos,Fundamentos de Engenharia de Software,,Claude,,Python,,"[""Python""]",,Estagiário,,Administrativo,Administrativo,Não trabalho na área,1 a 2 anos,Pequena empresa (até 49 funcionários),R$ 8.000 – R$ 12.000,Acima de R$ 18.000,Acima de R$ 18.000,Empreender / abrir minha própria empresa,Intermediário,R$ 500 – R$ 1.000,"[""Python"", ""C#"", ""Go""]"
2bfb6df8-8394-4ea7-bd5e-013ba990c265,2026-06-12 15:15:07.428746+00,2026,1,Manhã,1,Regular,Introdução à Algoritmos,,,Computabilidade,,,Fundamentos de Engenharia de Software,,,Claude,,Python,,"[""Python""]",,Jovem Aprendiz,,Tech Lead,,Menos de 6 meses,Menos de 6 meses,Startup / empresa early-stage (independente do tamanho),Acima de R$ 18.000,Acima de R$ 18.000,Acima de R$ 18.000,Mercado privado no exterior,Intermediário,Até R$ 500,"[""Python""]"
edadbf13-9e9e-44f9-b11e-759037a9d4f4,2026-06-12 15:14:43.297406+00,2026,1,Manhã,1,Regular,Computabilidade,Introdução à Algoritmos,,Introdução à Computação,,,Introdução à Algoritmos,Desenvolvimento de Interfaces Web,,Gemini,,Python,,"[""Python""]",,Não trabalho na área,,,,Não trabalho na área,Não trabalho na área,,R$ 5.000 – R$ 8.000,Acima de R$ 18.000,Acima de R$ 18.000,Mercado privado no exterior,Intermediário,,"[""Python"", ""JavaScript""]"
29624146-ef9c-423e-9bbc-0bfb3a6f2e3f,2026-06-12 15:14:39.36802+00,2026,1,Manhã,1,Regular,Introdução à Algoritmos,Computabilidade,,,,,Fundamentos de Engenharia de Software,,,ChatGPT,,Python,,[],,Não trabalho na área,,,,Não trabalho na área,Não trabalho na área,,R$ 8.000 – R$ 12.000,Acima de R$ 18.000,Acima de R$ 18.000,Mercado privado no exterior,Intermediário,,"[""Python"", ""JavaScript""]"
4f841bc0-cdb2-44e0-b99f-9bf99c25f103,2026-06-12 15:14:37.206603+00,2026,1,Manhã,1,Regular,Computabilidade,,,Computabilidade,Desenvolvimento de Interfaces Web,,Introdução à Algoritmos,Fundamentos de Engenharia de Software,Trabalho Interdisciplinar: Desenvolvimento de Aplicações Web,Claude,,Python,,"[""Python"", ""JavaScript""]",,Não trabalho na área,,,,Não trabalho na área,Não trabalho na área,,R$ 5.000 – R$ 8.000,R$ 8.000 – R$ 12.000,Acima de R$ 18.000,Ainda não sei / não tenho plano definido,Avançado,,"[""Python"", ""JavaScript""]"
6c6f84da-f391-49b4-9bc3-c8ed3a6cd2f0,2026-06-12 15:14:36.640182+00,2026,1,Manhã,2,Regular,Introdução à Algoritmos,Computabilidade,,Introdução à Computação,,,Introdução à Algoritmos,Computabilidade,Trabalho Interdisciplinar: Aplicações Web,Claude,,Python,,"[""Python""]",,Não trabalho na área,,,,Menos de 6 meses,Não trabalho na área,,R$ 8.000 – R$ 12.000,Acima de R$ 18.000,Acima de R$ 18.000,Mercado privado no exterior,Básico,,"[""Python"", ""JavaScript""]"
fd39caed-b95a-4892-aabe-b202effa99b5,2026-06-12 15:14:35.393173+00,2026,1,Manhã,1,Regular,Computabilidade,,,Desenvolvimento de Interfaces Web,,,Introdução à Algoritmos,Fundamentos de Engenharia de Software,,Claude,,Python,,"[""Python""]",,Estagiário,,Full Stack,,Menos de 6 meses,6 meses a 1 ano,Pequena empresa (até 49 funcionários),R$ 5.000 – R$ 8.000,Acima de R$ 18.000,Acima de R$ 18.000,Mercado privado no exterior,Intermediário,R$ 500 – R$ 1.000,"[""Python"", ""JavaScript""]"
a20f3ba9-b730-4d17-8359-7e7f9bf924ec,2026-06-12 15:14:31.774356+00,2026,1,Manhã,1,Regular,Introdução à Algoritmos,Computabilidade,,Trabalho Interdisciplinar: Aplicações Web,,,,,,ChatGPT,,Python,,"[""Python""]",,Não trabalho na área,,,,Não trabalho na área,2 a 4 anos,,R$ 3.000 – R$ 5.000,R$ 12.000 – R$ 18.000,Acima de R$ 18.000,Mercado privado no exterior,Básico,,"[""Python"", ""JavaScript""]"
e1245379-e541-4412-82e3-d82e75f3c768,2026-06-12 15:14:01.10286+00,2026,1,Manhã,2,Regular,Algoritmos e Estruturas de Dados I,Computabilidade,,Cidadania e Responsabilidade Social,,,Algoritmos e Estruturas de Dados I,Fundamentos de Engenharia de Software,Ciência de Dados e Inteligência Artificial,ChatGPT,,Python,,"[""Python""]",,Não trabalho na área,,,,Não trabalho na área,Não trabalho na área,,R$ 8.000 – R$ 12.000,R$ 12.000 – R$ 18.000,Acima de R$ 18.000,Empreender / abrir minha própria empresa,Avançado,,"[""Python""]"
fb6c4f7d-066d-4460-a177-d2028bb20120,2026-06-12 15:13:44.46237+00,2026,1,Manhã,1,Regular,Introdução à Algoritmos,Introdução à Computação,Computabilidade,Introdução à Computação,Desenvolvimento de Interfaces Web,Modelagem e Avaliação de Desempenho,Algoritmos e Estruturas de Dados I,Ciência de Dados e Inteligência Artificial,Engenharia de Requisitos de Software,Claude,,Python,,"[""Python""]",,Não trabalho na área,,,,Não trabalho na área,Não trabalho na área,,Acima de R$ 18.000,Acima de R$ 18.000,Acima de R$ 18.000,Mercado privado no exterior,Intermediário,,"[""Python"", ""JavaScript""]"
f7dea47d-b3a5-4089-be86-3ed55bad7c0c,2026-06-12 15:13:41.13829+00,2026,1,Manhã,1,Regular,Introdução à Algoritmos,,,,,,,,,ChatGPT,,Python,,"[""Python"", ""JavaScript""]",,Não trabalho na área,,,,Não trabalho na área,Não trabalho na área,,R$ 3.000 – R$ 5.000,R$ 8.000 – R$ 12.000,R$ 12.000 – R$ 18.000,Mercado privado no exterior,Intermediário,,"[""Python"", ""Java""]"
16f90e0a-474f-45cb-9bde-f10bfcd9d7e0,2026-06-12 15:13:40.344614+00,2026,1,Manhã,1,Regular,Introdução à Algoritmos,Introdução à Computação,,Introdução à Algoritmos,,,Fundamentos de Engenharia de Software,,,ChatGPT,,Python,,"[""Python""]",,Não trabalho na área,,,,Não trabalho na área,Não trabalho na área,,R$ 12.000 – R$ 18.000,Acima de R$ 18.000,Acima de R$ 18.000,Mercado privado no exterior,Básico,,"[""Python""]"
c8db54bc-ac63-4d98-9a6c-818747ef027d,2026-06-12 15:13:14.081604+00,2026,1,Manhã,1,Regular,Introdução à Algoritmos,Computabilidade,,Fundamentos de Engenharia de Software,Introdução à Computação,,Introdução à Algoritmos,,,Claude,,Python,,"[""Python""]",,Não trabalho na área,,,,Não trabalho na área,Não trabalho na área,,R$ 8.000 – R$ 12.000,R$ 12.000 – R$ 18.000,Acima de R$ 18.000,Mercado privado no exterior,Intermediário,,"[""Python""]"
fdf330e3-b6c0-4a91-86fe-240053a55e1d,2026-06-12 00:29:08.038521+00,2021,1,Noite,7,Regular,Fundamentos de Projeto e Análise de Algoritmos,Cálculo II,Arquitetura de Computadores,Projeto de Software,,,Algoritmos e Estruturas de Dados II,Programação Modular,Teoria dos Grafos e Computabilidade,Claude,,JavaScript,,"[""TypeScript"", ""JavaScript"", ""Dart / Flutter"", ""Go""]",,Desenvolvedor Pleno,,Full Stack,,2 a 4 anos,Mais de 4 anos,Startup / empresa early-stage (independente do tamanho),R$ 3.000 – R$ 5.000,R$ 5.000 – R$ 8.000,Acima de R$ 18.000,Empreender / abrir minha própria empresa,Avançado,Prefiro não responder,"[""JavaScript"", ""TypeScript""]"
ffdd8101-e13d-4fed-9e21-7db7f18ce236,2026-06-11 23:33:54.483276+00,2023,2,Noite,5,Irregular,Teoria dos Grafos e Computabilidade,Programação Modular,Cálculo I,Gerência de Projetos de Software,,,Trabalho Interdisciplinar: Aplicações Distribuídas,Trabalho Interdisciplinar: Aplicações para Processos de Negócios,Trabalho Interdisciplinar: Aplicações Web,Gemini,,Python,,"[""Python""]",,Analista / Desenvolvedor Júnior,,Machine Learning / IA,,2 a 4 anos,2 a 4 anos,Startup / empresa early-stage (independente do tamanho),Acima de R$ 18.000,Acima de R$ 18.000,Acima de R$ 18.000,Empreender / abrir minha própria empresa,Fluente,R$ 4.000 – R$ 6.000,"[""Python"", ""C""]"
d810bae4-d23a-4598-bdc8-36e3eb0c4a99,2026-06-11 23:07:10.462174+00,2025,2,Noite,2,Regular,Programação Modular,Cálculo II,Algoritmos e Estruturas de Dados I,,,,Ciência de Dados e Inteligência Artificial,Engenharia de Requisitos de Software,Bancos de Dados,ChatGPT,,Java,,"[""Python""]",,Não trabalho na área,,,,Não trabalho na área,1 a 2 anos,,R$ 3.000 – R$ 5.000,R$ 5.000 – R$ 8.000,R$ 8.000 – R$ 12.000,Mercado privado no Brasil (CLT ou PJ),Intermediário,,"[""Java"", ""JavaScript""]"
28a363cb-55cb-44e4-9f88-67b86bf2c874,2026-06-11 22:59:30.760991+00,2023,2,Noite,6,Irregular,Fundamentos de Projeto e Análise de Algoritmos,Algoritmos em Grafos,Algoritmos e Estruturas de Dados II,Introdução à Pesquisa em Informática,Interação Humano-Computador,Teste de Software,Fundamentos de Engenharia de Software,Gerência de Configuração e Evolução de Software,Modelagem de Processos de Negócios,Gemini,,Kotlin,,"[""Python"", ""JavaScript"", ""Java"", ""C"", ""C++"", ""Kotlin""]",,pleno,pleno,Governança e Projetos,Governança e Projetos,1 a 2 anos,Não trabalho na área,Multinacional (sede fora do Brasil),R$ 8.000 – R$ 12.000,R$ 12.000 – R$ 18.000,Acima de R$ 18.000,Carreira acadêmica / ser professor,Avançado,Acima de R$ 6.000,"[""Kotlin""]"
d671807b-71ba-4715-a29f-eac17cab5264,2026-06-11 22:58:41.46225+00,2023,1,Noite,6,Regular,Fundamentos de Projeto e Análise de Algoritmos,Teoria dos Grafos e Computabilidade,Cálculo II,Fundamentos de Engenharia de Software,Introdução à Pesquisa em Informática,Engenharia de Requisitos de Software,Fundamentos de Projeto e Análise de Algoritmos,Desenvolvimento de Aplicações Móveis e Distribuídas,Teoria dos Grafos e Computabilidade,ChatGPT,,Python,,"[""Java"", ""TypeScript"", ""JavaScript"", ""C"", ""C#""]",,Desenvolvedor Pleno,,Consultoria em TI,,Mais de 4 anos,Mais de 4 anos,Startup / empresa early-stage (independente do tamanho),Prefiro não responder,Acima de R$ 18.000,Acima de R$ 18.000,Empreender / abrir minha própria empresa,Intermediário,Acima de R$ 6.000,"[""Python"", ""TypeScript"", ""JavaScript"", ""Java""]"
8e33d8c2-74a2-4325-8530-fb04088973c8,2026-06-11 22:53:17.120407+00,2025,2,Noite,2,Irregular,Cálculo I,Algoritmos e Estruturas de Dados I,Computabilidade,Cálculo I,Computabilidade,,Arquitetura de Software,Programação Modular,Algoritmos e Estruturas de Dados II,Gemini,,Python,,"[""Python"", ""C++"", ""JavaScript"", ""Java""]",,Não trabalho na área,,,,Não trabalho na área,Não trabalho na área,,R$ 8.000 – R$ 12.000,R$ 12.000 – R$ 18.000,Acima de R$ 18.000,Empreender / abrir minha própria empresa,Intermediário,,"[""Python"", ""C++""]"
0238531b-6c2b-4e73-ba2c-adc40129c11e,2026-06-11 22:09:26.802243+00,2021,2,Noite,7,Irregular,Fundamentos de Projeto e Análise de Algoritmos,Algoritmos e Estruturas de Dados II,Cálculo II,Modelagem de Processos de Negócios,Gerência de Configuração e Evolução de Software,Gestão da Produção de Software,Programação Modular,Trabalho Interdisciplinar: Aplicações Distribuídas,Trabalho Interdisciplinar: Aplicações para Cenários Reais,Gemini,,Python,Shell Script,"[""Python"", ""TypeScript""]","Shell Script ",Analista / Desenvolvedor Júnior,,Automação e Engenharia de Dados,Automação e Engenharia de Dados,Mais de 4 anos,Mais de 4 anos,Multinacional (sede fora do Brasil),R$ 5.000 – R$ 8.000,R$ 8.000 – R$ 12.000,R$ 12.000 – R$ 18.000,Mercado privado no Brasil (CLT ou PJ),Básico,R$ 4.000 – R$ 6.000,"[""Python"", ""TypeScript"", ""C++"", ""Shell Script""]"
4c10387e-900e-410c-852c-4ad6c75add35,2026-06-11 22:05:50.825622+00,2022,1,Noite,7,Irregular,Fundamentos de Projeto e Análise de Algoritmos,Cálculo II,Teoria dos Grafos e Computabilidade,Computadores e Sociedade,Gerência de Configuração e Evolução de Software,Tecnologias da Informação e do Conhecimento,Teoria dos Grafos e Computabilidade,Fundamentos de Projeto e Análise de Algoritmos,Arquitetura de Software,Gemini,,Python,,"[""Python"", ""JavaScript"", ""TypeScript"", ""C"", ""C#"", ""Dart / Flutter""]",,Analista / Desenvolvedor Júnior,,Full Stack,,1 a 2 anos,1 a 2 anos,Grande empresa / corporação (500 ou mais funcionários),R$ 3.000 – R$ 5.000,R$ 8.000 – R$ 12.000,Acima de R$ 18.000,Empreender / abrir minha própria empresa,Avançado,R$ 2.000 – R$ 4.000,"[""Python"", ""JavaScript"", ""TypeScript"", ""Dart / Flutter"", ""C#""]"
8c40dfb8-c551-4879-8296-ef6c35fbfcad,2026-06-11 21:57:40.786316+00,2023,1,Noite,7,Regular,Fundamentos de Projeto e Análise de Algoritmos,Algoritmos e Estruturas de Dados II,,Gerência de Configuração e Evolução de Software,Gestão da Produção de Software,Gerência de Projetos de Software,Fundamentos de Projeto e Análise de Algoritmos,Teoria dos Grafos e Computabilidade,,Claude,,Python,,"[""JavaScript"", ""TypeScript"", ""Python""]",,Estagiário,,Product Owner / Product Manager,,1 a 2 anos,Mais de 4 anos,Grande empresa / corporação (500 ou mais funcionários),R$ 8.000 – R$ 12.000,R$ 8.000 – R$ 12.000,R$ 8.000 – R$ 12.000,Concurso público,Avançado,R$ 1.000 – R$ 2.000,"[""Python"", ""JavaScript"", ""TypeScript""]"
c1c4dbb4-0049-4e55-9421-eabb67bda7b4,2026-06-11 21:54:55.723361+00,2023,1,Noite,7,Irregular,Fundamentos de Projeto e Análise de Algoritmos,Algoritmos e Estruturas de Dados II,,Gerência de Configuração e Evolução de Software,Gestão da Produção de Software,,Algoritmos e Estruturas de Dados II,Algoritmos em Grafos,,Claude,,Python,,"[""Swift""]",,Estagiário,,Frontend,,6 meses a 1 ano,6 meses a 1 ano,Média empresa (50 a 499 funcionários),R$ 5.000 – R$ 8.000,R$ 8.000 – R$ 12.000,Acima de R$ 18.000,Mercado privado no exterior,Fluente,R$ 1.000 – R$ 2.000,"[""Python"", ""Swift""]"
3624bb47-fca1-474d-aec7-b7bf17b9e44d,2026-06-11 17:19:12.311855+00,2025,1,Manhã,4,Regular,Algoritmos e Estruturas de Dados II,Cálculo II,,Introdução à Pesquisa em Informática,Interação Humano-Computador,Redes de Computadores,Algoritmos e Estruturas de Dados II,Programação Modular,Projeto de Software,Claude,,Python,,"[""Python"", ""JavaScript"", ""TypeScript"", ""Java""]",,Estagiário,,Full Stack,,2 a 4 anos,2 a 4 anos,Grande empresa / corporação (500 ou mais funcionários),R$ 5.000 – R$ 8.000,R$ 12.000 – R$ 18.000,Acima de R$ 18.000,Mercado privado no exterior,Básico,R$ 1.000 – R$ 2.000,"[""Python"", ""JavaScript"", ""TypeScript"", ""Java"", ""C#""]"
b9346c4f-d632-447d-8577-cc2f2daa5123,2026-06-11 13:06:19.144768+00,2023,2,Noite,6,Irregular,Fundamentos de Projeto e Análise de Algoritmos,Teoria dos Grafos e Computabilidade,,Gerência de Configuração e Evolução de Software,,,Arquitetura de Software,Programação Modular,Teste de Software,Claude,,Python,,"[""Python"", ""Dart / Flutter""]",,Analista / Desenvolvedor Júnior,,Análise de Sistemas,,1 a 2 anos,2 a 4 anos,Pequena empresa (até 49 funcionários),R$ 5.000 – R$ 8.000,R$ 8.000 – R$ 12.000,R$ 12.000 – R$ 18.000,Ainda não sei / não tenho plano definido,Básico,R$ 2.000 – R$ 4.000,"[""Python"", ""TypeScript"", ""Dart / Flutter"", ""JavaScript""]"
946361e9-b7a0-4a57-8dc6-587339ed3b23,2026-06-11 12:52:02.954092+00,2023,2,Noite,6,Irregular,Teoria dos Grafos e Computabilidade,Fundamentos de Projeto e Análise de Algoritmos,Programação Modular,Gerência de Projetos de Software,Gerência de Configuração e Evolução de Software,Engenharia Econômica para Software,Trabalho Interdisciplinar: Aplicações para Processos de Negócios,Teoria dos Grafos e Computabilidade,Algoritmos e Estruturas de Dados II,Claude,,Python,,"[""Python"", ""JavaScript"", ""TypeScript"", ""Java""]",,Analista / Desenvolvedor Júnior,,Full Stack,,2 a 4 anos,Mais de 4 anos,Média empresa (50 a 499 funcionários),R$ 5.000 – R$ 8.000,R$ 12.000 – R$ 18.000,Acima de R$ 18.000,Mercado privado no exterior,Fluente,R$ 2.000 – R$ 4.000,"[""Python"", ""JavaScript"", ""TypeScript""]"
cdb0d6ed-3c11-4761-b6c3-ba833c540c0a,2026-06-11 00:54:58.535659+00,2023,2,Noite,6,Irregular,Algoritmos e Estruturas de Dados II,Programação Modular,Cálculo I,Introdução à Pesquisa em Informática,Estatística e Probabilidade,Interação Humano-Computador,Algoritmos e Estruturas de Dados I,Algoritmos e Estruturas de Dados II,Programação Modular,ChatGPT,,Java,,"[""C""]",Nenhuma,Não trabalho na área,,,,Não trabalho na área,Não trabalho na área,,Prefiro não responder,Prefiro não responder,Prefiro não responder,Ainda não sei / não tenho plano definido,Fluente,,"[""Java""]"
a4730299-2c81-43fa-bcce-0f80623562fc,2026-06-10 18:17:58.452353+00,2023,1,Noite,7,Regular,Fundamentos de Projeto e Análise de Algoritmos,Teoria dos Grafos e Computabilidade,Desenvolvimento de Aplicações Móveis e Distribuídas,Computadores e Sociedade,Gestão da Produção de Software,Tecnologias da Informação e do Conhecimento,Redes de Computadores,Algoritmos e Estruturas de Dados II,Trabalho Interdisciplinar: Aplicações para Cenários Reais,Gemini,,Java,,"[""Python"", ""JavaScript"", ""Java"", ""C""]",,Analista / Desenvolvedor Júnior,,Segurança da Informação,,Menos de 6 meses,Mais de 4 anos,Grande empresa / corporação (500 ou mais funcionários),R$ 5.000 – R$ 8.000,R$ 12.000 – R$ 18.000,Acima de R$ 18.000,Mercado privado no Brasil (CLT ou PJ),Básico,R$ 4.000 – R$ 6.000,"[""Java"", ""C"", ""Python"", ""JavaScript""]"
74ab2997-258b-42e2-a3e3-345d408330c2,2026-06-10 17:58:23.381122+00,2023,1,Noite,6,Irregular,Fundamentos de Projeto e Análise de Algoritmos,,,Projeto de Software,,,Gerência de Projetos de Software,Bancos de Dados,Algoritmos e Estruturas de Dados II,Claude,,Python,,"[""Python"", ""JavaScript""]",,Trainee,,Full Stack,,1 a 2 anos,1 a 2 anos,Startup / empresa early-stage (independente do tamanho),R$ 5.000 – R$ 8.000,Acima de R$ 18.000,Acima de R$ 18.000,Ainda não sei / não tenho plano definido,Avançado,R$ 1.000 – R$ 2.000,"[""Python"", ""JavaScript""]"
58c24a7a-59f8-4783-9ca9-d9d25516af8d,2026-06-10 17:46:59.341943+00,2023,1,Noite,6,Irregular,Algoritmos e Estruturas de Dados II,Cálculo II,,Interação Humano-Computador,Estatística e Probabilidade,,Laboratório de Programação Modular,Arquitetura de Software,Projeto de Software,Claude,,C#,,"[""C#""]",,Estagiário,,Backend,,2 a 4 anos,Mais de 4 anos,Grande empresa / corporação (500 ou mais funcionários),R$ 8.000 – R$ 12.000,Acima de R$ 18.000,Acima de R$ 18.000,Empreender / abrir minha própria empresa,Avançado,R$ 1.000 – R$ 2.000,"[""C#"", ""Java"", ""JavaScript""]"
2c408003-252f-40f7-9410-b3d9f4345e9b,2026-06-10 16:53:15.283449+00,2022,2,Noite,8,Regular,Algoritmos e Estruturas de Dados II,Fundamentos de Projeto e Análise de Algoritmos,Estatística e Probabilidade,Computadores e Sociedade,Modelagem de Processos de Negócios,Engenharia de Requisitos de Software,Programação Modular,Trabalho Interdisciplinar: Aplicações para Cenários Reais,Algoritmos e Estruturas de Dados I,Copilot,,JavaScript,,"[""C#""]",,Analista / Desenvolvedor Júnior,,Full Stack,,2 a 4 anos,2 a 4 anos,Grande empresa / corporação (500 ou mais funcionários),R$ 5.000 – R$ 8.000,R$ 12.000 – R$ 18.000,Acima de R$ 18.000,Mercado privado no exterior,Avançado,R$ 2.000 – R$ 4.000,"[""JavaScript"", ""Java"", ""C#"", ""TypeScript""]"
d8c88876-4fcc-49f1-ad0a-5afb315cb663,2026-06-10 16:50:06.086769+00,2023,1,Noite,7,Irregular,Algoritmos e Estruturas de Dados II,Estatística e Probabilidade,,Introdução à Computação,Interação Humano-Computador,,Projeto de Software,Laboratório de Experimentação de Software,Engenharia Econômica para Software,Copilot,,TypeScript,,"[""Python"", ""TypeScript"", ""C#""]",,Analista / Desenvolvedor Júnior,,Machine Learning / IA,,1 a 2 anos,1 a 2 anos,Grande empresa / corporação (500 ou mais funcionários),Acima de R$ 18.000,Acima de R$ 18.000,Acima de R$ 18.000,Mercado privado no exterior,Básico,R$ 2.000 – R$ 4.000,"[""TypeScript"", ""Java"", ""JavaScript"", ""C#"", ""Python""]"
27d4fb68-6c5b-42da-b738-385c2d527ced,2026-06-10 16:46:11.789056+00,2023,1,Noite,7,Regular,Cálculo II,Teoria dos Grafos e Computabilidade,Fundamentos de Projeto e Análise de Algoritmos,Computadores e Sociedade,Interação Humano-Computador,Modelagem de Processos de Negócios,Algoritmos e Estruturas de Dados II,Teoria dos Grafos e Computabilidade,Fundamentos de Projeto e Análise de Algoritmos,Claude,,C#,,"[""C#""]",,Desenvolvedor Sênior,,Backend,,1 a 2 anos,1 a 2 anos,Multinacional (sede fora do Brasil),Acima de R$ 18.000,Acima de R$ 18.000,Acima de R$ 18.000,Mercado privado no exterior,Avançado,Acima de R$ 6.000,"[""C#""]"
57951be2-f4e8-47de-9169-36bb42fad6d7,2026-06-10 16:33:18.123954+00,2026,1,Manhã,1,Regular,Computabilidade,Introdução à Computação,Introdução à Algoritmos,Fundamentos de Engenharia de Software,Introdução à Algoritmos,Introdução à Computação,Introdução à Algoritmos,Computabilidade,Desenvolvimento de Interfaces Web,ChatGPT,,Python,,"[""Python"", ""JavaScript"", ""TypeScript"", ""C#""]",,Não trabalho na área,,,,Não trabalho na área,2 a 4 anos,,R$ 5.000 – R$ 8.000,R$ 8.000 – R$ 12.000,Acima de R$ 18.000,Mercado privado no Brasil (CLT ou PJ),Avançado,,"[""Python"", ""JavaScript""]"
083d77b7-88dc-4be5-9389-04f547541ffc,2026-06-10 16:23:54.979099+00,2023,2,Noite,6,Irregular,Fundamentos de Projeto e Análise de Algoritmos,Estatística e Probabilidade,Teoria dos Grafos e Computabilidade,Tecnologias da Informação e do Conhecimento,Introdução à Computação,Gerência de Projetos de Software,Teoria dos Grafos e Computabilidade,Algoritmos e Estruturas de Dados II,Algoritmos e Estruturas de Dados I,Claude,,TypeScript,Node,"[""JavaScript""]",,Estagiário,,Full Stack,,1 a 2 anos,1 a 2 anos,Startup / empresa early-stage (independente do tamanho),R$ 5.000 – R$ 8.000,R$ 8.000 – R$ 12.000,R$ 12.000 – R$ 18.000,Empreender / abrir minha própria empresa,Intermediário,R$ 1.000 – R$ 2.000,"[""TypeScript"", ""JavaScript"", ""Node"", ""Java"", ""Dart / Flutter"", ""Python""]"
d28b2ca0-18c7-4ef0-ab24-168a91505c25,2026-06-10 11:19:20.318291+00,2023,1,Noite,7,Regular,Algoritmos e Estruturas de Dados II,Fundamentos de Projeto e Análise de Algoritmos,Teoria dos Grafos e Computabilidade,Desenvolvimento de Aplicações Móveis e Distribuídas,Gerência de Projetos de Software,Tecnologias da Informação e do Conhecimento,Teoria dos Grafos e Computabilidade,Algoritmos e Estruturas de Dados I,Bancos de Dados,Gemini,,Python,,"[""Python""]",,Estagiário,,Machine Learning / IA,,1 a 2 anos,1 a 2 anos,Média empresa (50 a 499 funcionários),R$ 3.000 – R$ 5.000,R$ 8.000 – R$ 12.000,R$ 12.000 – R$ 18.000,Carreira acadêmica / ser professor,Avançado,R$ 2.000 – R$ 4.000,"[""Python""]"
9392e683-f763-4043-98bc-a3052fedcdb9,2026-06-10 03:34:44.175339+00,2025,1,Manhã,3,Irregular,Cálculo II,Algoritmos e Estruturas de Dados II,Algoritmos e Estruturas de Dados I,Introdução à Pesquisa em Informática,Fundamentos de Sistemas Operacionais,Cálculo II,Trabalho Interdisciplinar: Aplicações para Cenários Reais,Algoritmos e Estruturas de Dados II,Bancos de Dados,Claude,,JavaScript,,"[""JavaScript""]",,Estagiário,,DevOps / SRE,,Menos de 6 meses,2 a 4 anos,Grande empresa / corporação (500 ou mais funcionários),R$ 3.000 – R$ 5.000,R$ 8.000 – R$ 12.000,Acima de R$ 18.000,Mercado privado no exterior,Avançado,R$ 500 – R$ 1.000,"[""JavaScript"", ""Python"", ""Java"", ""C""]"
9b90a778-696a-49bb-8382-04f49b94c6af,2026-06-10 03:00:35.114134+00,2022,1,Noite,7,Irregular,Fundamentos de Projeto e Análise de Algoritmos,Algoritmos e Estruturas de Dados II,Cálculo II,Computadores e Sociedade,Gestão da Produção de Software,Engenharia de Processos e Qualidade de Software,Programação Modular,Trabalho Interdisciplinar: Aplicações Distribuídas,Algoritmos e Estruturas de Dados I,Gemini,,Python,,"[""Python"", ""JavaScript""]",,Auxiliar / Assistente,,Dados / Data Science,,Não trabalho na área,Mais de 4 anos,Grande empresa / corporação (500 ou mais funcionários),R$ 8.000 – R$ 12.000,R$ 12.000 – R$ 18.000,Acima de R$ 18.000,Concurso público,Fluente,R$ 4.000 – R$ 6.000,"[""Python"", ""JavaScript""]"
1215c319-5094-4fdb-97ed-f0f0ef6bf4d4,2026-06-10 02:59:45.215317+00,2024,1,Manhã,5,Irregular,Algoritmos e Estruturas de Dados II,Cálculo I,Cálculo II,Sistemas Operacionais,,,Engenharia de Requisitos de Software,Interação Humano-Computador,,ChatGPT,,JavaScript,,"[""Java""]",,Estagiário,,Dados / Data Science,,6 meses a 1 ano,1 a 2 anos,Multinacional (sede fora do Brasil),R$ 5.000 – R$ 8.000,R$ 12.000 – R$ 18.000,Acima de R$ 18.000,Ainda não sei / não tenho plano definido,Intermediário,R$ 1.000 – R$ 2.000,"[""JavaScript"", ""Java""]"
cd2627f3-6f8b-42b2-bd00-126c1e853199,2026-06-10 02:32:38.576116+00,2025,1,Manhã,3,Irregular,Cálculo II,Algoritmos e Estruturas de Dados II,,Introdução à Pesquisa em Informática,Sistemas Operacionais,Cálculo II,Engenharia de Requisitos de Software,Programação Modular,Bancos de Dados,Gemini,,Java,,"[""Java""]",,Não trabalho na área,,,,Não trabalho na área,Não trabalho na área,,R$ 3.000 – R$ 5.000,R$ 8.000 – R$ 12.000,R$ 12.000 – R$ 18.000,Mercado privado no exterior,Intermediário,,"[""Java"", ""TypeScript"", ""C""]"
6cc42688-2be8-4e11-8838-7d4e371dea53,2026-06-10 02:23:09.046154+00,2023,1,Noite,7,Regular,Fundamentos de Projeto e Análise de Algoritmos,Algoritmos em Grafos,Algoritmos e Estruturas de Dados II,Gestão da Produção de Software,Tecnologias da Informação e do Conhecimento,Engenharia de Processos e Qualidade de Software,Fundamentos de Projeto e Análise de Algoritmos,Algoritmos em Grafos,Algoritmos e Estruturas de Dados II,Copilot,,C++,Ruby,"[""JavaScript"", ""TypeScript"", ""C"", ""C++""]",Ruby,Analista / Desenvolvedor Júnior,,Embarcados / Hardware,,2 a 4 anos,2 a 4 anos,Multinacional (sede fora do Brasil),R$ 5.000 – R$ 8.000,R$ 8.000 – R$ 12.000,R$ 12.000 – R$ 18.000,Mercado privado no Brasil (CLT ou PJ),Fluente,Prefiro não responder,"[""C++"", ""C"", ""JavaScript"", ""TypeScript"", ""Ruby""]"
88f98d6e-731c-4e4a-abed-1b7c95c70d2e,2026-06-10 02:04:02.952121+00,2024,1,Noite,5,Regular,Fundamentos de Projeto e Análise de Algoritmos,Teoria dos Grafos e Computabilidade,Cálculo II,Projeto de Software,Gerência de Projetos de Software,Introdução à Pesquisa em Informática,Algoritmos e Estruturas de Dados II,Arquitetura de Software,Bancos de Dados,ChatGPT,,PHP,PHP,"[""TypeScript"", ""Java""]",PHP,Analista / Desenvolvedor Júnior,,Full Stack,,6 meses a 1 ano,6 meses a 1 ano,Média empresa (50 a 499 funcionários),R$ 3.000 – R$ 5.000,R$ 8.000 – R$ 12.000,Acima de R$ 18.000,Mercado privado no exterior,Avançado,R$ 2.000 – R$ 4.000,"[""PHP""]"
58b9ac60-f7ba-465f-9995-54100e9d440d,2026-06-10 02:02:50.106805+00,2025,1,Noite,3,Irregular,Algoritmos e Estruturas de Dados II,Cálculo I,,Modelagem de Processos de Negócios,Engenharia de Requisitos de Software,,Programação Modular,Algoritmos e Estruturas de Dados I,,Gemini,,Java,,"[""TypeScript"", ""Java""]",,Estagiário,,Suporte Técnico / Help Desk,,6 meses a 1 ano,6 meses a 1 ano,Média empresa (50 a 499 funcionários),R$ 5.000 – R$ 8.000,R$ 5.000 – R$ 8.000,R$ 12.000 – R$ 18.000,Mercado privado no exterior,Intermediário,Prefiro não responder,"[""Java"", ""TypeScript""]"
e084a7bd-22d0-431e-a260-ef037698f87b,2026-06-10 02:00:15.51319+00,2024,1,Noite,5,Regular,Fundamentos de Projeto e Análise de Algoritmos,Teoria dos Grafos e Computabilidade,Programação Modular,Modelagem de Processos de Negócios,Interação Humano-Computador,Laboratório de Desenvolvimento de Aplicações Móveis e Distribuídas,Desenvolvimento de Aplicações Móveis e Distribuídas,Arquitetura de Software,Projeto de Software,Claude,,Python,,"[""Python"", ""Java""]",,Estagiário,,Machine Learning / IA,,1 a 2 anos,1 a 2 anos,Multinacional (sede fora do Brasil),R$ 8.000 – R$ 12.000,Acima de R$ 18.000,Acima de R$ 18.000,Mercado privado no exterior,Fluente,R$ 2.000 – R$ 4.000,"[""Python"", ""Go"", ""Java""]"
0d1a51af-b1ab-47d1-b5bf-27fd884c5307,2026-06-10 01:24:17.703386+00,2023,2,Noite,4,Irregular,Algoritmos e Estruturas de Dados II,Programação Modular,,Introdução à Pesquisa em Informática,,,Engenharia de Requisitos de Software,,,ChatGPT,,JavaScript,,"[""Python"", ""JavaScript""]",,Estagiário,,Outra,"Projetos de Engenharia ",Não trabalho na área,Menos de 6 meses,Multinacional (sede fora do Brasil),R$ 8.000 – R$ 12.000,R$ 12.000 – R$ 18.000,Acima de R$ 18.000,Mercado privado no exterior,Avançado,R$ 1.000 – R$ 2.000,"[""JavaScript"", ""Java"", ""Python""]"
cb3357fb-a6d4-45c6-91c6-a6f9371ad203,2026-06-10 01:23:42.597457+00,2023,2,Noite,5,Irregular,Algoritmos e Estruturas de Dados II,Programação Modular,Cálculo II,Algoritmos e Estruturas de Dados II,Cálculo II,Introdução à Pesquisa em Informática,Interação Humano-Computador,Engenharia de Requisitos de Software,Algoritmos e Estruturas de Dados I,ChatGPT,,JavaScript,,[],,Estagiário,,Product Owner / Product Manager,,1 a 2 anos,2 a 4 anos,Multinacional (sede fora do Brasil),R$ 3.000 – R$ 5.000,R$ 8.000 – R$ 12.000,R$ 12.000 – R$ 18.000,Mercado privado no exterior,Avançado,R$ 2.000 – R$ 4.000,"[""JavaScript"", ""Java""]"
604247de-43f4-4851-b070-548025dde008,2026-06-10 01:22:16.377393+00,2024,1,Noite,5,Regular,Fundamentos de Projeto e Análise de Algoritmos,Teoria dos Grafos e Computabilidade,Cálculo II,Modelagem de Processos de Negócios,Engenharia de Processos de Software,Introdução à Pesquisa em Informática,Arquitetura de Software,Redes de Computadores,Desenvolvimento de Aplicações Móveis e Distribuídas,Gemini,,Java,,"[""JavaScript"", ""C"", ""Java""]",,Estagiário,,Full Stack,,1 a 2 anos,1 a 2 anos,Grande empresa / corporação (500 ou mais funcionários),R$ 8.000 – R$ 12.000,R$ 12.000 – R$ 18.000,Acima de R$ 18.000,Mercado privado no exterior,Avançado,R$ 1.000 – R$ 2.000,"[""Java"", ""JavaScript"", ""TypeScript""]"
981c55b7-287d-4af0-a923-f81ef3d1e956,2026-06-10 01:16:54.563241+00,2025,1,Manhã,3,Regular,Cálculo II,Algoritmos e Estruturas de Dados II,Sistemas Operacionais,Sistemas Operacionais,,,Cálculo II,Algoritmos e Estruturas de Dados II,Engenharia de Requisitos de Software,Claude,,Outra,PHP,"[""JavaScript"", ""Java"", ""C"", ""Dart / Flutter""]",,Desenvolvedor Pleno,,Full Stack,,Mais de 4 anos,Mais de 4 anos,Pequena empresa (até 49 funcionários),R$ 5.000 – R$ 8.000,R$ 12.000 – R$ 18.000,Acima de R$ 18.000,Carreira acadêmica / ser professor,Intermediário,R$ 2.000 – R$ 4.000,"[""Outra"", ""Dart / Flutter""]"
faa0722b-5767-44d8-b900-acac1c0d72e1,2026-06-10 01:16:09.456139+00,2024,1,Noite,5,Irregular,Algoritmos e Estruturas de Dados II,Cálculo II,Estatística e Probabilidade,Interação Humano-Computador,Gerência de Projetos de Software,,Programação Modular,Fundamentos de Engenharia de Software,Bancos de Dados,Gemini,,JavaScript,,"[""Java"", ""C++""]",,Não trabalho na área,,,,Não trabalho na área,2 a 4 anos,,R$ 5.000 – R$ 8.000,R$ 12.000 – R$ 18.000,Acima de R$ 18.000,Mercado privado no Brasil (CLT ou PJ),Intermediário,,"[""JavaScript"", ""Java"", ""C++"", ""C""]"
8fb6cdd6-dfe8-40f3-a2d0-badc24a56536,2026-06-10 01:11:05.148563+00,2024,1,Noite,5,Regular,Fundamentos de Projeto e Análise de Algoritmos,Algoritmos e Estruturas de Dados II,Teoria dos Grafos e Computabilidade,Modelagem de Processos de Negócios,Interação Humano-Computador,Computadores e Sociedade,Bancos de Dados,Arquitetura de Computadores,Sistemas Operacionais,Claude,,Python,,"[""Python""]",,Desenvolvedor Pleno,,Cloud / Infraestrutura,,2 a 4 anos,2 a 4 anos,Pequena empresa (até 49 funcionários),R$ 5.000 – R$ 8.000,R$ 12.000 – R$ 18.000,Acima de R$ 18.000,Mercado privado no exterior,Avançado,Prefiro não responder,"[""Python""]"
61789aa7-feab-4954-9036-7c7fe4bbaf53,2026-06-10 00:55:02.155049+00,2019,1,Noite,6,Irregular,Fundamentos de Projeto e Análise de Algoritmos,Teoria dos Grafos e Computabilidade,Algoritmos em Grafos,Gerência de Configuração e Evolução de Software,Introdução à Pesquisa em Informática,,Desenvolvimento de Aplicações Móveis e Distribuídas,Arquitetura de Software,Fundamentos de Engenharia de Software,Gemini,,Outra,Shell,"[""Python"", ""JavaScript"", ""Java""]",,Analista / Desenvolvedor Júnior,,Segurança da Informação,,Mais de 4 anos,Mais de 4 anos,Grande empresa / corporação (500 ou mais funcionários),R$ 8.000 – R$ 12.000,Acima de R$ 18.000,Acima de R$ 18.000,Mercado privado no exterior,Avançado,R$ 4.000 – R$ 6.000,"[""Outra""]"
a0025d85-26db-45e5-81ad-7871be24101c,2026-06-10 00:52:33.931242+00,2023,2,Noite,6,Regular,Fundamentos de Projeto e Análise de Algoritmos,Algoritmos e Estruturas de Dados II,Programação Modular,Engenharia de Requisitos de Software,Redes de Computadores,Modelagem de Processos de Negócios,Teoria dos Grafos e Computabilidade,Arquitetura de Software,Desenvolvimento de Aplicações Móveis e Distribuídas,Claude,,C#,,"[""C#"", ""TypeScript""]",,Estagiário,,Full Stack,,6 meses a 1 ano,1 a 2 anos,Grande empresa / corporação (500 ou mais funcionários),R$ 8.000 – R$ 12.000,R$ 12.000 – R$ 18.000,Acima de R$ 18.000,Mercado privado no exterior,Avançado,R$ 1.000 – R$ 2.000,"[""C#""]"
d406953e-64af-4c23-aafa-69402e3a53bb,2026-06-10 00:51:07.981569+00,2023,1,Noite,6,Irregular,Algoritmos em Grafos,Fundamentos de Projeto e Análise de Algoritmos,Algoritmos e Estruturas de Dados II,Modelagem de Processos de Negócios,Introdução à Computação,Fundamentos de Sistemas Operacionais,Fundamentos de Projeto e Análise de Algoritmos,Introdução à Pesquisa em Informática,Algoritmos e Estruturas de Dados II,Gemini,,Java,,"[""Java"", ""Python""]",,Analista / Desenvolvedor Júnior,,Backend,,1 a 2 anos,Mais de 4 anos,Grande empresa / corporação (500 ou mais funcionários),R$ 5.000 – R$ 8.000,R$ 12.000 – R$ 18.000,Acima de R$ 18.000,Empreender / abrir minha própria empresa,Básico,R$ 2.000 – R$ 4.000,"[""Java"", ""Python"", ""JavaScript""]"
926d918d-eea7-4331-9685-92036a7ba561,2026-06-10 00:50:53.9919+00,2023,2,Noite,6,Regular,Fundamentos de Projeto e Análise de Algoritmos,Estatística e Probabilidade,Teoria dos Grafos e Computabilidade,Modelagem de Processos de Negócios,Gerência de Projetos de Software,Introdução à Pesquisa em Informática,Arquitetura de Software,Desenvolvimento de Aplicações Móveis e Distribuídas,Fundamentos de Projeto e Análise de Algoritmos,Claude,,Python,,"[""Python"", ""JavaScript"", ""Swift"", ""Rust"", ""TypeScript"", ""C#""]",,Analista / Desenvolvedor Júnior,,Full Stack,,1 a 2 anos,1 a 2 anos,Startup / empresa early-stage (independente do tamanho),R$ 5.000 – R$ 8.000,Acima de R$ 18.000,Acima de R$ 18.000,Empreender / abrir minha própria empresa,Avançado,R$ 4.000 – R$ 6.000,"[""Python"", ""JavaScript"", ""TypeScript""]"
772a105b-3ea5-41c0-a987-4e822eed9245,2026-06-10 00:50:53.75439+00,2023,2,Noite,5,Regular,Cálculo II,Fundamentos de Projeto e Análise de Algoritmos,Sistemas Operacionais,Modelagem de Processos de Negócios,Gerência de Configuração e Evolução de Software,,Teoria dos Grafos e Computabilidade,Trabalho Interdisciplinar: Aplicações para Processos de Negócios,Arquitetura de Software,ChatGPT,,Java,,"[""Python"", ""Java"", ""TypeScript"", ""JavaScript""]",,Estagiário,,Backend,,1 a 2 anos,1 a 2 anos,Multinacional (sede fora do Brasil),R$ 8.000 – R$ 12.000,R$ 12.000 – R$ 18.000,Acima de R$ 18.000,Mercado privado no exterior,Fluente,R$ 2.000 – R$ 4.000,"[""Java""]"